Key(Subject/Class/Chapter/TestGroup),Links
Algebra/6/0/0,
Algebra/6/0/1,
Algebra/6/0/2,
Algebra/6/0/3,
Algebra/6/0/4,
Algebra/6/0/5,
Algebra/6/0/6,
Algebra/6/0/7,
Algebra/6/0/8,
Algebra/6/0/9,
Algebra/6/0/10,
Algebra/6/1/1,
Algebra/6/1/2,
Algebra/6/1/3,
Algebra/6/1/4,
Algebra/6/1/5,
Algebra/6/1/6,
Algebra/6/1/7,
Algebra/6/1/8,
Algebra/6/1/9,
Algebra/6/1/10,
Algebra/6/2/1,
Algebra/6/2/2,
Algebra/6/2/3,
Algebra/6/2/4,
Algebra/6/2/5,
Algebra/6/2/6,
Algebra/6/2/7,
Algebra/6/2/8,
Algebra/6/2/9,
Algebra/6/2/10,
Algebra/6/3/1,
Algebra/6/3/2,
Algebra/6/3/3,
Algebra/6/3/4,
Algebra/6/3/5,
Algebra/6/3/6,
Algebra/6/3/7,
Algebra/6/3/8,
Algebra/6/3/9,
Algebra/6/3/10,
Algebra/6/4/1,
Algebra/6/4/2,
Algebra/6/4/3,
Algebra/6/4/4,
Algebra/6/4/5,
Algebra/6/4/6,
Algebra/6/4/7,
Algebra/6/4/8,
Algebra/6/4/9,
Algebra/6/4/10,
Algebra/6/5/1,
Algebra/6/5/2,
Algebra/6/5/3,
Algebra/6/5/4,
Algebra/6/5/5,
Algebra/6/5/6,
Algebra/6/5/7,
Algebra/6/5/8,
Algebra/6/5/9,
Algebra/6/5/10,
Algebra/6/6/1,
Algebra/6/6/2,
Algebra/6/6/3,
Algebra/6/6/4,
Algebra/6/6/5,
Algebra/6/6/6,
Algebra/6/6/7,
Algebra/6/6/8,
Algebra/6/6/9,
Algebra/6/6/10,
Algebra/6/7/1,
Algebra/6/7/2,
Algebra/6/7/3,
Algebra/6/7/4,
Algebra/6/7/5,
Algebra/6/7/6,
Algebra/6/7/7,
Algebra/6/7/8,
Algebra/6/7/9,
Algebra/6/7/10,
Algebra/6/8/1,
Algebra/6/8/2,
Algebra/6/8/3,
Algebra/6/8/4,
Algebra/6/8/5,
Algebra/6/8/6,
Algebra/6/8/7,
Algebra/6/8/8,
Algebra/6/8/9,
Algebra/6/8/10,
Algebra/6/9/1,
Algebra/6/9/2,
Algebra/6/9/3,
Algebra/6/9/4,
Algebra/6/9/5,
Algebra/6/9/6,
Algebra/6/9/7,
Algebra/6/9/8,
Algebra/6/9/9,
Algebra/6/9/10,